{
    "stat": {
        "ru_self_end": {
            "ru_stime_sec": 0.049514000000000002,
            "ru_utime_sec": 0.10044400000000001,
            "ru_nvcsw": 43,
            "ru_maxrss_kb": 129536,
            "ru_minflt": 14922,
            "ru_majflt": 2,
            "ru_nivcsw": 12
        },
        "ru_childs_end": {
            "ru_stime_sec": 0.060169,
            "ru_utime_sec": 0.012939000000000001,
            "ru_nvcsw": 46,
            "ru_maxrss_kb": 116508,
            "ru_minflt": 14454,
            "ru_majflt": 0,
            "ru_nivcsw": 7
        },
        "cpu_cycles_end": 63260684985108,
        "peak_mem_kb": 385068
    },
    "reusePaths": {},
    "Modules": {
        "...MASTER...": {
            "end_perf": [
                0.14426302909851074,
                0.059311000000000003,
                0.039541,
                312140,
                385068,
                63260546299097,
                0,
                0
            ],
            "child_modules": {
                "tb_mul_3cycle": 1,
                "std": 1
            },
            "start_perf": [
                0.14282488822937012,
                0.057883999999999998,
                0.039530999999999997,
                311164,
                385068,
                1770367308.3469059,
                63260542411085
            ],
            "nQuads": 0,
            "nMops": 0,
            "nRouts": 5
        },
        "tb_mul_3cycle": {
            "start_perf": [
                0.15450501441955566,
                0.065737000000000004,
                0.043358000000000001,
                313108,
                385068,
                1770367308.3585861,
                63260573807694
            ],
            "child_modules": {
                "compress": 7
            },
            "end_perf": [
                0.1921989917755127,
                0.099866999999999997,
                0.046417,
                313108,
                385068,
                63260675187840,
                30064771073,
                0
            ],
            "Compiled": "Yes",
            "Compiled Times": 1,
            "significant_routs": [
                [
                    22,
                    "R_VCSgd_wxuvH_16",
                    3680829,
                    1247,
                    162
                ],
                [
                    28,
                    "T_VCSgd_wxuvH_1_0",
                    2494848,
                    3459,
                    531
                ],
                [
                    137,
                    "R_VCSgd_wxuvH_89",
                    2271421,
                    187,
                    54
                ],
                [
                    226,
                    "R_VCSgd_wxuvH_e2",
                    9550234,
                    9704,
                    2852
                ],
                [
                    249,
                    "R_VCSgd_wxuvH_f9",
                    5901069,
                    62,
                    14
                ]
            ],
            "nQuads": 2840,
            "nMops": 12114,
            "nRouts": 263
        },
        "compress": {
            "end_perf": [
                0.15446090698242188,
                0.065709000000000004,
                0.043339999999999997,
                313108,
                385068,
                63260573756246,
                21474836481,
                0
            ],
            "child_modules": {},
            "start_perf": [
                0.14920902252197266,
                0.061718000000000002,
                0.042079999999999999,
                313108,
                385068,
                1770367308.3532901,
                63260559563152
            ],
            "Compiled": "Yes",
            "Compiled Times": 1,
            "nQuads": 194,
            "nMops": 1681,
            "nRouts": 15
        },
        "std": {
            "start_perf": [
                0.14433002471923828,
                0.059351000000000001,
                0.039566999999999998,
                312140,
                385068,
                1770367308.3484111,
                63260546456281
            ],
            "child_modules": {},
            "end_perf": [
                0.14916682243347168,
                0.061692999999999998,
                0.042063000000000003,
                313108,
                385068,
                63260559512236,
                8589934594,
                0
            ],
            "Compiled": "Yes",
            "svclass": [
                "$vcs_nba_dyn_obj",
                385,
                37,
                2,
                2,
                0,
                "sigprop$$",
                385,
                37,
                2,
                2,
                0,
                "process",
                1645,
                184,
                8,
                8,
                0,
                "event",
                462,
                36,
                2,
                2,
                0,
                "mailbox",
                912,
                107,
                9,
                9,
                0,
                "semaphore",
                672,
                71,
                5,
                5,
                0
            ],
            "Compiled Times": 1,
            "nQuads": 218,
            "nMops": 472,
            "nRouts": 33
        }
    },
    "CompUnits": {
        "wxuvH_d": {
            "checksum": 0,
            "mod": "tb_mul_3cycle",
            "mode": 4,
            "out": "wxuvH_d.o",
            "bytes": 129962,
            "text": 66062,
            "archive": "archive.0/_155036_archive_1.a"
        },
        "amcQw_d": {
            "checksum": 0,
            "mod": "...MASTER...",
            "mode": 4,
            "out": "objs/amcQw_d.o",
            "bytes": 7660,
            "text": 434
        },
        "reYIK_d": {
            "checksum": 0,
            "mod": "std",
            "mode": 4,
            "out": "reYIK_d.o",
            "bytes": 35164,
            "cls": 4461,
            "text": 4742,
            "archive": "archive.0/_155036_archive_1.a"
        },
        "NIRPT_d": {
            "checksum": 0,
            "mod": "compress",
            "mode": 4,
            "out": "NIRPT_d.o",
            "bytes": 19200,
            "text": 10629,
            "archive": "archive.0/_155036_archive_1.a"
        }
    },
    "ObjArchives": [
        {
            "archive": "archive.0/_155036_archive_1.a",
            "objects": [
                [
                    "reYIK_d.o",
                    35164
                ],
                [
                    "NIRPT_d.o",
                    19200
                ],
                [
                    "wxuvH_d.o",
                    129962
                ],
                [
                    "amcQwB.o",
                    122772
                ]
            ],
            "size": 307098
        }
    ]
}